impl,max_key,threads,rep,t_s,join_count
m2_seq,1000000,1,1,0.840743,199999829
m3_seq,1000000,1,1,0.794893,199999829
m2_seq,1000000,1,2,0.833038,199999829
m3_seq,1000000,1,2,0.802950,199999829
m2_seq,1000000,1,3,0.829675,199999829
m3_seq,1000000,1,3,0.797551,199999829
m2_seq,1000000,1,4,0.820769,199999829
m3_seq,1000000,1,4,0.795740,199999829
m2_seq,1000000,1,5,0.831427,199999829
m3_seq,1000000,1,5,0.794180,199999829
m2_par,1000000,1,1,0.797973,199999829
m3_loop,1000000,1,1,0.494536,199999829
m3_task,1000000,1,1,0.483383,199999829
m2_par,1000000,1,2,0.790900,199999829
m3_loop,1000000,1,2,0.498733,199999829
m3_task,1000000,1,2,0.482555,199999829
m2_par,1000000,1,3,0.790695,199999829
m3_loop,1000000,1,3,0.496886,199999829
m3_task,1000000,1,3,0.487477,199999829
m2_par,1000000,1,4,0.786032,199999829
m3_loop,1000000,1,4,0.495435,199999829
m3_task,1000000,1,4,0.480863,199999829
m2_par,1000000,1,5,0.804535,199999829
m3_loop,1000000,1,5,0.498906,199999829
m3_task,1000000,1,5,0.484031,199999829
m2_par,1000000,2,1,0.546059,199999829
m3_loop,1000000,2,1,0.264842,199999829
m3_task,1000000,2,1,0.259345,199999829
m2_par,1000000,2,2,0.550277,199999829
m3_loop,1000000,2,2,0.269729,199999829
m3_task,1000000,2,2,0.258602,199999829
m2_par,1000000,2,3,0.545443,199999829
m3_loop,1000000,2,3,0.263932,199999829
m3_task,1000000,2,3,0.258473,199999829
m2_par,1000000,2,4,0.547669,199999829
m3_loop,1000000,2,4,0.265385,199999829
m3_task,1000000,2,4,0.260616,199999829
m2_par,1000000,2,5,0.545706,199999829
m3_loop,1000000,2,5,0.267379,199999829
m3_task,1000000,2,5,0.257981,199999829
m2_par,1000000,4,1,0.304127,199999829
m3_loop,1000000,4,1,0.150513,199999829
m3_task,1000000,4,1,0.166245,199999829
m2_par,1000000,4,2,0.301782,199999829
m3_loop,1000000,4,2,0.150194,199999829
m3_task,1000000,4,2,0.167556,199999829
m2_par,1000000,4,3,0.302741,199999829
m3_loop,1000000,4,3,0.150745,199999829
m3_task,1000000,4,3,0.165314,199999829
m2_par,1000000,4,4,0.303579,199999829
m3_loop,1000000,4,4,0.150877,199999829
m3_task,1000000,4,4,0.163931,199999829
m2_par,1000000,4,5,0.305240,199999829
m3_loop,1000000,4,5,0.151890,199999829
m3_task,1000000,4,5,0.163221,199999829
m2_par,1000000,8,1,0.176135,199999829
m3_loop,1000000,8,1,0.090400,199999829
m3_task,1000000,8,1,0.105132,199999829
m2_par,1000000,8,2,0.174978,199999829
m3_loop,1000000,8,2,0.090872,199999829
m3_task,1000000,8,2,0.104155,199999829
m2_par,1000000,8,3,0.177577,199999829
m3_loop,1000000,8,3,0.089518,199999829
m3_task,1000000,8,3,0.102477,199999829
m2_par,1000000,8,4,0.175733,199999829
m3_loop,1000000,8,4,0.090316,199999829
m3_task,1000000,8,4,0.105350,199999829
m2_par,1000000,8,5,0.176583,199999829
m3_loop,1000000,8,5,0.091249,199999829
m3_task,1000000,8,5,0.104371,199999829
m2_par,1000000,16,1,0.104011,199999829
m3_loop,1000000,16,1,0.059539,199999829
m3_task,1000000,16,1,0.083844,199999829
m2_par,1000000,16,2,0.105084,199999829
m3_loop,1000000,16,2,0.060409,199999829
m3_task,1000000,16,2,0.082429,199999829
m2_par,1000000,16,3,0.103618,199999829
m3_loop,1000000,16,3,0.058959,199999829
m3_task,1000000,16,3,0.085021,199999829
m2_par,1000000,16,4,0.106233,199999829
m3_loop,1000000,16,4,0.058193,199999829
m3_task,1000000,16,4,0.083194,199999829
m2_par,1000000,16,5,0.106236,199999829
m3_loop,1000000,16,5,0.058743,199999829
m3_task,1000000,16,5,0.081616,199999829
m2_par,1000000,32,1,0.090926,199999829
m3_loop,1000000,32,1,0.067525,199999829
m3_task,1000000,32,1,0.073532,199999829
m2_par,1000000,32,2,0.089299,199999829
m3_loop,1000000,32,2,0.068034,199999829
m3_task,1000000,32,2,0.067618,199999829
m2_par,1000000,32,3,0.089253,199999829
m3_loop,1000000,32,3,0.067408,199999829
m3_task,1000000,32,3,0.071362,199999829
m2_par,1000000,32,4,0.091671,199999829
m3_loop,1000000,32,4,0.066840,199999829
m3_task,1000000,32,4,0.073643,199999829
m2_par,1000000,32,5,0.089038,199999829
m3_loop,1000000,32,5,0.069915,199999829
m3_task,1000000,32,5,0.070546,199999829
m2_seq,5000000,1,1,0.914663,40006682
m3_seq,5000000,1,1,0.866968,40006682
m2_seq,5000000,1,2,0.933616,40006682
m3_seq,5000000,1,2,0.850986,40006682
m2_seq,5000000,1,3,0.922228,40006682
m3_seq,5000000,1,3,0.851087,40006682
m2_seq,5000000,1,4,0.920924,40006682
m3_seq,5000000,1,4,0.851306,40006682
m2_seq,5000000,1,5,0.915811,40006682
m3_seq,5000000,1,5,0.848863,40006682
m2_par,5000000,1,1,0.872180,40006682
m3_loop,5000000,1,1,0.557257,40006682
m3_task,5000000,1,1,0.537057,40006682
m2_par,5000000,1,2,0.870710,40006682
m3_loop,5000000,1,2,0.555794,40006682
m3_task,5000000,1,2,0.536498,40006682
m2_par,5000000,1,3,0.876235,40006682
m3_loop,5000000,1,3,0.556657,40006682
m3_task,5000000,1,3,0.539652,40006682
m2_par,5000000,1,4,0.862778,40006682
m3_loop,5000000,1,4,0.553743,40006682
m3_task,5000000,1,4,0.541694,40006682
m2_par,5000000,1,5,0.856796,40006682
m3_loop,5000000,1,5,0.554632,40006682
m3_task,5000000,1,5,0.539586,40006682
m2_par,5000000,2,1,0.584485,40006682
m3_loop,5000000,2,1,0.293679,40006682
m3_task,5000000,2,1,0.289875,40006682
m2_par,5000000,2,2,0.577002,40006682
m3_loop,5000000,2,2,0.296322,40006682
m3_task,5000000,2,2,0.289121,40006682
m2_par,5000000,2,3,0.584226,40006682
m3_loop,5000000,2,3,0.294575,40006682
m3_task,5000000,2,3,0.286935,40006682
m2_par,5000000,2,4,0.580573,40006682
m3_loop,5000000,2,4,0.296254,40006682
m3_task,5000000,2,4,0.288970,40006682
m2_par,5000000,2,5,0.576488,40006682
m3_loop,5000000,2,5,0.296767,40006682
m3_task,5000000,2,5,0.289503,40006682
m2_par,5000000,4,1,0.316126,40006682
m3_loop,5000000,4,1,0.164324,40006682
m3_task,5000000,4,1,0.179914,40006682
m2_par,5000000,4,2,0.317342,40006682
m3_loop,5000000,4,2,0.163731,40006682
m3_task,5000000,4,2,0.179862,40006682
m2_par,5000000,4,3,0.317596,40006682
m3_loop,5000000,4,3,0.163981,40006682
m3_task,5000000,4,3,0.179600,40006682
m2_par,5000000,4,4,0.322594,40006682
m3_loop,5000000,4,4,0.164507,40006682
m3_task,5000000,4,4,0.177389,40006682
m2_par,5000000,4,5,0.316823,40006682
m3_loop,5000000,4,5,0.164686,40006682
m3_task,5000000,4,5,0.176334,40006682
m2_par,5000000,8,1,0.185554,40006682
m3_loop,5000000,8,1,0.111542,40006682
m3_task,5000000,8,1,0.127224,40006682
m2_par,5000000,8,2,0.185873,40006682
m3_loop,5000000,8,2,0.112130,40006682
m3_task,5000000,8,2,0.127277,40006682
m2_par,5000000,8,3,0.180019,40006682
m3_loop,5000000,8,3,0.112056,40006682
m3_task,5000000,8,3,0.127995,40006682
m2_par,5000000,8,4,0.182449,40006682
m3_loop,5000000,8,4,0.111147,40006682
m3_task,5000000,8,4,0.126625,40006682
m2_par,5000000,8,5,0.183788,40006682
m3_loop,5000000,8,5,0.111777,40006682
m3_task,5000000,8,5,0.127796,40006682
m2_par,5000000,16,1,0.122990,40006682
m3_loop,5000000,16,1,0.072079,40006682
m3_task,5000000,16,1,0.092105,40006682
m2_par,5000000,16,2,0.128442,40006682
m3_loop,5000000,16,2,0.068238,40006682
m3_task,5000000,16,2,0.094734,40006682
m2_par,5000000,16,3,0.122653,40006682
m3_loop,5000000,16,3,0.067757,40006682
m3_task,5000000,16,3,0.093212,40006682
m2_par,5000000,16,4,0.121366,40006682
m3_loop,5000000,16,4,0.068860,40006682
m3_task,5000000,16,4,0.097109,40006682
m2_par,5000000,16,5,0.123490,40006682
m3_loop,5000000,16,5,0.069071,40006682
m3_task,5000000,16,5,0.089221,40006682
m2_par,5000000,32,1,0.119586,40006682
m3_loop,5000000,32,1,0.082348,40006682
m3_task,5000000,32,1,0.092868,40006682
m2_par,5000000,32,2,0.114770,40006682
m3_loop,5000000,32,2,0.085836,40006682
m3_task,5000000,32,2,0.087754,40006682
m2_par,5000000,32,3,0.114438,40006682
m3_loop,5000000,32,3,0.089445,40006682
m3_task,5000000,32,3,0.092917,40006682
m2_par,5000000,32,4,0.118677,40006682
m3_loop,5000000,32,4,0.082065,40006682
m3_task,5000000,32,4,0.090613,40006682
m2_par,5000000,32,5,0.114348,40006682
m3_loop,5000000,32,5,0.084457,40006682
m3_task,5000000,32,5,0.090559,40006682
