mode,workload,sched,order,hotmul,pf_scatter,pf_probe,firsttouch,tchunks,threads,P,NR,NS,rep,hist_r_ms,scatter_r_ms,hist_s_ms,scatter_s_ms,join_ms,total_ms,join_count,checksum1,checksum2
loop,uniform,dynamic1,lpt,8,12,0,par,0,1,128,10000000,20000000,0,18.267,51.304,36.415,128.761,382.224,616.971,40006682,9024839626095127350,17897240367829630669
loop,uniform,dynamic1,lpt,8,12,0,par,0,1,128,10000000,20000000,1,18.326,52.444,36.676,128.743,379.496,615.684,40006682,9024839626095127350,17897240367829630669
loop,uniform,dynamic1,lpt,8,12,0,par,0,1,128,10000000,20000000,2,18.291,51.116,36.527,128.998,383.536,618.469,40006682,9024839626095127350,17897240367829630669
loop,uniform,dynamic1,lpt,8,12,0,par,0,1,128,10000000,20000000,3,18.552,52.851,37.012,132.470,381.197,622.082,40006682,9024839626095127350,17897240367829630669
loop,uniform,dynamic1,lpt,8,12,0,par,0,1,128,10000000,20000000,4,18.334,51.530,36.408,129.194,380.310,615.776,40006682,9024839626095127350,17897240367829630669
loop,uniform,dynamic1,lpt,8,12,2,par,0,1,128,10000000,20000000,0,18.277,52.267,36.465,132.639,329.235,568.882,40006682,9024839626095127350,17897240367829630669
loop,uniform,dynamic1,lpt,8,12,2,par,0,1,128,10000000,20000000,1,18.305,51.638,36.504,132.974,326.618,566.039,40006682,9024839626095127350,17897240367829630669
loop,uniform,dynamic1,lpt,8,12,2,par,0,1,128,10000000,20000000,2,18.324,51.059,36.472,128.801,327.635,562.292,40006682,9024839626095127350,17897240367829630669
loop,uniform,dynamic1,lpt,8,12,2,par,0,1,128,10000000,20000000,3,18.282,51.023,36.683,128.997,327.774,562.758,40006682,9024839626095127350,17897240367829630669
loop,uniform,dynamic1,lpt,8,12,2,par,0,1,128,10000000,20000000,4,18.537,51.854,36.418,128.943,328.491,564.243,40006682,9024839626095127350,17897240367829630669
loop,uniform,dynamic1,lpt,8,12,4,par,0,1,128,10000000,20000000,0,18.359,51.155,36.454,130.264,328.963,565.194,40006682,9024839626095127350,17897240367829630669
loop,uniform,dynamic1,lpt,8,12,4,par,0,1,128,10000000,20000000,1,18.460,51.114,36.505,130.177,330.633,566.889,40006682,9024839626095127350,17897240367829630669
loop,uniform,dynamic1,lpt,8,12,4,par,0,1,128,10000000,20000000,2,18.342,51.354,36.572,130.045,327.247,563.559,40006682,9024839626095127350,17897240367829630669
loop,uniform,dynamic1,lpt,8,12,4,par,0,1,128,10000000,20000000,3,18.369,51.016,36.631,130.422,326.988,563.426,40006682,9024839626095127350,17897240367829630669
loop,uniform,dynamic1,lpt,8,12,4,par,0,1,128,10000000,20000000,4,18.578,51.032,36.840,133.532,327.148,567.129,40006682,9024839626095127350,17897240367829630669
loop,uniform,dynamic1,lpt,8,12,8,par,0,1,128,10000000,20000000,0,18.296,51.114,36.552,130.257,328.531,564.750,40006682,9024839626095127350,17897240367829630669
loop,uniform,dynamic1,lpt,8,12,8,par,0,1,128,10000000,20000000,1,18.311,51.153,36.478,130.279,326.075,562.296,40006682,9024839626095127350,17897240367829630669
loop,uniform,dynamic1,lpt,8,12,8,par,0,1,128,10000000,20000000,2,18.340,51.925,36.440,134.179,327.504,568.387,40006682,9024839626095127350,17897240367829630669
loop,uniform,dynamic1,lpt,8,12,8,par,0,1,128,10000000,20000000,3,18.288,51.565,36.664,130.515,327.224,564.255,40006682,9024839626095127350,17897240367829630669
loop,uniform,dynamic1,lpt,8,12,8,par,0,1,128,10000000,20000000,4,18.650,51.165,36.446,130.164,327.347,563.773,40006682,9024839626095127350,17897240367829630669
loop,uniform,dynamic1,lpt,8,12,12,par,0,1,128,10000000,20000000,0,18.329,51.211,36.506,128.619,329.883,564.548,40006682,9024839626095127350,17897240367829630669
loop,uniform,dynamic1,lpt,8,12,12,par,0,1,128,10000000,20000000,1,18.296,51.423,36.596,128.720,326.540,561.576,40006682,9024839626095127350,17897240367829630669
loop,uniform,dynamic1,lpt,8,12,12,par,0,1,128,10000000,20000000,2,18.304,51.552,36.484,128.799,327.506,562.645,40006682,9024839626095127350,17897240367829630669
loop,uniform,dynamic1,lpt,8,12,12,par,0,1,128,10000000,20000000,3,18.473,51.099,36.602,129.153,327.901,563.228,40006682,9024839626095127350,17897240367829630669
loop,uniform,dynamic1,lpt,8,12,12,par,0,1,128,10000000,20000000,4,18.650,51.060,36.485,131.980,327.388,565.564,40006682,9024839626095127350,17897240367829630669
loop,uniform,dynamic1,lpt,8,12,16,par,0,1,128,10000000,20000000,0,18.345,52.371,36.574,135.988,328.394,571.672,40006682,9024839626095127350,17897240367829630669
loop,uniform,dynamic1,lpt,8,12,16,par,0,1,128,10000000,20000000,1,18.315,51.319,36.744,134.434,324.048,564.858,40006682,9024839626095127350,17897240367829630669
loop,uniform,dynamic1,lpt,8,12,16,par,0,1,128,10000000,20000000,2,18.282,51.070,36.623,130.219,324.282,560.476,40006682,9024839626095127350,17897240367829630669
loop,uniform,dynamic1,lpt,8,12,16,par,0,1,128,10000000,20000000,3,18.372,50.964,36.616,130.572,324.880,561.405,40006682,9024839626095127350,17897240367829630669
loop,uniform,dynamic1,lpt,8,12,16,par,0,1,128,10000000,20000000,4,18.806,52.300,36.494,130.380,325.125,563.104,40006682,9024839626095127350,17897240367829630669
loop,uniform,dynamic1,lpt,8,12,24,par,0,1,128,10000000,20000000,0,18.282,52.216,36.448,129.966,329.318,566.230,40006682,9024839626095127350,17897240367829630669
loop,uniform,dynamic1,lpt,8,12,24,par,0,1,128,10000000,20000000,1,18.332,52.355,36.475,131.738,326.887,565.788,40006682,9024839626095127350,17897240367829630669
loop,uniform,dynamic1,lpt,8,12,24,par,0,1,128,10000000,20000000,2,18.384,51.087,36.536,128.938,327.581,562.526,40006682,9024839626095127350,17897240367829630669
loop,uniform,dynamic1,lpt,8,12,24,par,0,1,128,10000000,20000000,3,18.331,51.105,36.659,131.269,327.615,564.979,40006682,9024839626095127350,17897240367829630669
loop,uniform,dynamic1,lpt,8,12,24,par,0,1,128,10000000,20000000,4,18.562,51.271,36.426,128.835,328.310,563.404,40006682,9024839626095127350,17897240367829630669
loop,uniform,dynamic1,lpt,8,12,32,par,0,1,128,10000000,20000000,0,18.299,51.690,36.428,128.821,329.307,564.545,40006682,9024839626095127350,17897240367829630669
loop,uniform,dynamic1,lpt,8,12,32,par,0,1,128,10000000,20000000,1,18.316,51.579,36.504,128.703,327.006,562.109,40006682,9024839626095127350,17897240367829630669
loop,uniform,dynamic1,lpt,8,12,32,par,0,1,128,10000000,20000000,2,18.353,51.578,36.459,131.120,328.113,565.623,40006682,9024839626095127350,17897240367829630669
loop,uniform,dynamic1,lpt,8,12,32,par,0,1,128,10000000,20000000,3,18.466,52.685,36.669,130.652,327.799,566.272,40006682,9024839626095127350,17897240367829630669
loop,uniform,dynamic1,lpt,8,12,32,par,0,1,128,10000000,20000000,4,18.553,51.603,36.649,128.593,327.987,563.386,40006682,9024839626095127350,17897240367829630669
loop,uniform,dynamic1,lpt,8,12,48,par,0,1,128,10000000,20000000,0,18.319,53.178,36.728,128.690,330.698,567.613,40006682,9024839626095127350,17897240367829630669
loop,uniform,dynamic1,lpt,8,12,48,par,0,1,128,10000000,20000000,1,18.309,51.004,36.847,128.740,327.668,562.568,40006682,9024839626095127350,17897240367829630669
loop,uniform,dynamic1,lpt,8,12,48,par,0,1,128,10000000,20000000,2,18.300,52.204,36.572,132.427,328.893,568.395,40006682,9024839626095127350,17897240367829630669
loop,uniform,dynamic1,lpt,8,12,48,par,0,1,128,10000000,20000000,3,18.290,51.237,36.559,129.319,329.114,564.519,40006682,9024839626095127350,17897240367829630669
loop,uniform,dynamic1,lpt,8,12,48,par,0,1,128,10000000,20000000,4,18.553,51.306,36.501,128.573,328.997,563.930,40006682,9024839626095127350,17897240367829630669
loop,uniform,dynamic1,lpt,8,12,0,par,0,16,128,10000000,20000000,0,3.219,5.355,5.670,11.865,55.768,81.877,40006682,9024839626095127350,17897240367829630669
loop,uniform,dynamic1,lpt,8,12,0,par,0,16,128,10000000,20000000,1,2.434,5.541,4.195,11.979,49.302,73.450,40006682,9024839626095127350,17897240367829630669
loop,uniform,dynamic1,lpt,8,12,0,par,0,16,128,10000000,20000000,2,2.380,5.456,4.203,12.073,49.316,73.427,40006682,9024839626095127350,17897240367829630669
loop,uniform,dynamic1,lpt,8,12,0,par,0,16,128,10000000,20000000,3,2.388,5.504,4.200,11.982,49.468,73.542,40006682,9024839626095127350,17897240367829630669
loop,uniform,dynamic1,lpt,8,12,0,par,0,16,128,10000000,20000000,4,2.402,5.460,4.163,11.919,49.286,73.229,40006682,9024839626095127350,17897240367829630669
loop,uniform,dynamic1,lpt,8,12,2,par,0,16,128,10000000,20000000,0,3.250,5.503,5.658,11.830,50.076,76.316,40006682,9024839626095127350,17897240367829630669
loop,uniform,dynamic1,lpt,8,12,2,par,0,16,128,10000000,20000000,1,2.437,5.441,4.157,12.024,46.879,70.939,40006682,9024839626095127350,17897240367829630669
loop,uniform,dynamic1,lpt,8,12,2,par,0,16,128,10000000,20000000,2,2.715,5.496,4.180,11.896,46.791,71.079,40006682,9024839626095127350,17897240367829630669
loop,uniform,dynamic1,lpt,8,12,2,par,0,16,128,10000000,20000000,3,2.429,5.407,4.178,11.872,46.764,70.649,40006682,9024839626095127350,17897240367829630669
loop,uniform,dynamic1,lpt,8,12,2,par,0,16,128,10000000,20000000,4,2.414,5.511,4.195,11.856,46.777,70.753,40006682,9024839626095127350,17897240367829630669
loop,uniform,dynamic1,lpt,8,12,4,par,0,16,128,10000000,20000000,0,3.189,5.494,5.641,12.324,45.977,72.625,40006682,9024839626095127350,17897240367829630669
loop,uniform,dynamic1,lpt,8,12,4,par,0,16,128,10000000,20000000,1,2.395,5.475,4.182,12.213,42.384,66.649,40006682,9024839626095127350,17897240367829630669
loop,uniform,dynamic1,lpt,8,12,4,par,0,16,128,10000000,20000000,2,2.407,5.474,4.202,12.331,42.185,66.600,40006682,9024839626095127350,17897240367829630669
loop,uniform,dynamic1,lpt,8,12,4,par,0,16,128,10000000,20000000,3,2.391,5.475,4.174,12.228,42.415,66.683,40006682,9024839626095127350,17897240367829630669
loop,uniform,dynamic1,lpt,8,12,4,par,0,16,128,10000000,20000000,4,2.493,5.466,4.179,12.191,42.305,66.635,40006682,9024839626095127350,17897240367829630669
loop,uniform,dynamic1,lpt,8,12,8,par,0,16,128,10000000,20000000,0,3.182,5.480,5.692,11.919,41.360,67.632,40006682,9024839626095127350,17897240367829630669
loop,uniform,dynamic1,lpt,8,12,8,par,0,16,128,10000000,20000000,1,2.375,5.416,4.227,11.957,38.580,62.555,40006682,9024839626095127350,17897240367829630669
loop,uniform,dynamic1,lpt,8,12,8,par,0,16,128,10000000,20000000,2,2.412,5.534,4.185,11.856,38.700,62.686,40006682,9024839626095127350,17897240367829630669
loop,uniform,dynamic1,lpt,8,12,8,par,0,16,128,10000000,20000000,3,2.404,5.392,4.216,11.967,38.549,62.529,40006682,9024839626095127350,17897240367829630669
loop,uniform,dynamic1,lpt,8,12,8,par,0,16,128,10000000,20000000,4,2.398,5.554,4.168,11.866,38.707,62.694,40006682,9024839626095127350,17897240367829630669
loop,uniform,dynamic1,lpt,8,12,12,par,0,16,128,10000000,20000000,0,3.258,5.413,5.700,11.895,40.135,66.401,40006682,9024839626095127350,17897240367829630669
loop,uniform,dynamic1,lpt,8,12,12,par,0,16,128,10000000,20000000,1,2.428,5.488,4.185,11.957,36.977,61.035,40006682,9024839626095127350,17897240367829630669
loop,uniform,dynamic1,lpt,8,12,12,par,0,16,128,10000000,20000000,2,2.489,5.420,4.197,11.827,36.908,60.842,40006682,9024839626095127350,17897240367829630669
loop,uniform,dynamic1,lpt,8,12,12,par,0,16,128,10000000,20000000,3,2.424,5.412,4.206,12.017,36.955,61.014,40006682,9024839626095127350,17897240367829630669
loop,uniform,dynamic1,lpt,8,12,12,par,0,16,128,10000000,20000000,4,2.394,5.417,4.194,11.810,36.904,60.719,40006682,9024839626095127350,17897240367829630669
loop,uniform,dynamic1,lpt,8,12,16,par,0,16,128,10000000,20000000,0,3.146,5.619,5.704,11.849,39.713,66.031,40006682,9024839626095127350,17897240367829630669
loop,uniform,dynamic1,lpt,8,12,16,par,0,16,128,10000000,20000000,1,2.403,5.447,4.190,11.914,36.279,60.233,40006682,9024839626095127350,17897240367829630669
loop,uniform,dynamic1,lpt,8,12,16,par,0,16,128,10000000,20000000,2,2.452,5.446,4.173,11.867,36.186,60.123,40006682,9024839626095127350,17897240367829630669
loop,uniform,dynamic1,lpt,8,12,16,par,0,16,128,10000000,20000000,3,2.386,5.453,4.193,12.015,36.490,60.537,40006682,9024839626095127350,17897240367829630669
loop,uniform,dynamic1,lpt,8,12,16,par,0,16,128,10000000,20000000,4,2.415,5.497,4.166,11.910,36.277,60.265,40006682,9024839626095127350,17897240367829630669
loop,uniform,dynamic1,lpt,8,12,24,par,0,16,128,10000000,20000000,0,3.197,5.598,5.778,11.811,38.509,64.892,40006682,9024839626095127350,17897240367829630669
loop,uniform,dynamic1,lpt,8,12,24,par,0,16,128,10000000,20000000,1,2.443,5.433,4.174,11.837,35.592,59.479,40006682,9024839626095127350,17897240367829630669
loop,uniform,dynamic1,lpt,8,12,24,par,0,16,128,10000000,20000000,2,2.430,5.536,4.193,11.777,35.625,59.560,40006682,9024839626095127350,17897240367829630669
loop,uniform,dynamic1,lpt,8,12,24,par,0,16,128,10000000,20000000,3,2.451,5.387,4.156,11.805,35.679,59.478,40006682,9024839626095127350,17897240367829630669
loop,uniform,dynamic1,lpt,8,12,24,par,0,16,128,10000000,20000000,4,2.405,5.435,4.197,11.835,35.669,59.541,40006682,9024839626095127350,17897240367829630669
loop,uniform,dynamic1,lpt,8,12,32,par,0,16,128,10000000,20000000,0,3.202,5.551,5.743,12.230,41.433,68.160,40006682,9024839626095127350,17897240367829630669
loop,uniform,dynamic1,lpt,8,12,32,par,0,16,128,10000000,20000000,1,2.432,5.429,4.177,12.200,35.639,59.877,40006682,9024839626095127350,17897240367829630669
loop,uniform,dynamic1,lpt,8,12,32,par,0,16,128,10000000,20000000,2,2.474,5.529,4.194,12.228,35.460,59.885,40006682,9024839626095127350,17897240367829630669
loop,uniform,dynamic1,lpt,8,12,32,par,0,16,128,10000000,20000000,3,2.431,5.556,4.211,12.213,35.393,59.804,40006682,9024839626095127350,17897240367829630669
loop,uniform,dynamic1,lpt,8,12,32,par,0,16,128,10000000,20000000,4,2.455,5.599,4.197,12.220,35.557,60.028,40006682,9024839626095127350,17897240367829630669
loop,uniform,dynamic1,lpt,8,12,48,par,0,16,128,10000000,20000000,0,3.247,5.382,5.671,11.811,39.375,65.486,40006682,9024839626095127350,17897240367829630669
loop,uniform,dynamic1,lpt,8,12,48,par,0,16,128,10000000,20000000,1,2.391,5.455,4.151,11.850,35.583,59.430,40006682,9024839626095127350,17897240367829630669
loop,uniform,dynamic1,lpt,8,12,48,par,0,16,128,10000000,20000000,2,2.407,5.392,4.187,11.737,35.488,59.210,40006682,9024839626095127350,17897240367829630669
loop,uniform,dynamic1,lpt,8,12,48,par,0,16,128,10000000,20000000,3,2.391,5.400,4.192,11.799,35.588,59.370,40006682,9024839626095127350,17897240367829630669
loop,uniform,dynamic1,lpt,8,12,48,par,0,16,128,10000000,20000000,4,2.412,5.387,4.151,11.744,35.498,59.192,40006682,9024839626095127350,17897240367829630669
