arm,max_key,mode,workload,sched,order,hotmul,pf_scatter,pf_probe,firsttouch,tchunks,threads,P,NR,NS,rep,hist_r_ms,scatter_r_ms,hist_s_ms,scatter_s_ms,join_ms,total_ms,join_count,checksum1,checksum2
A,5000000,loop,uniform,dynamic1,lpt,8,12,8,par,0,1,128,2000000,4000000,0,3.471,9.602,6.801,19.351,90.423,129.648,1601783,1639011001025628553,9978953684420965244
A,5000000,loop,uniform,dynamic1,lpt,8,12,8,par,0,1,128,2000000,4000000,1,3.456,9.638,6.819,19.322,89.707,128.944,1601783,1639011001025628553,9978953684420965244
A,5000000,loop,uniform,dynamic1,lpt,8,12,8,par,0,1,128,2000000,4000000,2,3.450,9.634,6.809,19.466,89.682,129.042,1601783,1639011001025628553,9978953684420965244
A,5000000,loop,uniform,dynamic1,lpt,8,12,8,par,0,1,128,2000000,4000000,3,3.446,9.664,6.847,19.310,89.547,128.815,1601783,1639011001025628553,9978953684420965244
A,5000000,loop,uniform,dynamic1,lpt,8,12,8,par,0,1,128,2000000,4000000,4,3.439,9.648,6.818,19.324,89.424,128.653,1601783,1639011001025628553,9978953684420965244
A,5000000,task,uniform,dynamic1,lpt,8,12,8,par,0,1,128,2000000,4000000,0,3.487,9.603,6.817,19.363,91.087,130.357,1601783,1639011001025628553,9978953684420965244
A,5000000,task,uniform,dynamic1,lpt,8,12,8,par,0,1,128,2000000,4000000,1,3.463,9.663,6.839,19.338,90.627,129.931,1601783,1639011001025628553,9978953684420965244
A,5000000,task,uniform,dynamic1,lpt,8,12,8,par,0,1,128,2000000,4000000,2,3.451,9.661,6.825,19.358,90.374,129.669,1601783,1639011001025628553,9978953684420965244
A,5000000,task,uniform,dynamic1,lpt,8,12,8,par,0,1,128,2000000,4000000,3,3.452,9.654,6.806,19.348,90.589,129.850,1601783,1639011001025628553,9978953684420965244
A,5000000,task,uniform,dynamic1,lpt,8,12,8,par,0,1,128,2000000,4000000,4,3.472,9.661,6.800,19.357,90.595,129.885,1601783,1639011001025628553,9978953684420965244
A,5000000,loop,uniform,dynamic1,lpt,8,12,8,par,0,2,128,4000000,8000000,0,3.636,10.311,7.161,20.776,80.180,122.064,6405514,13064608319638267664,12550798687495063072
A,5000000,loop,uniform,dynamic1,lpt,8,12,8,par,0,2,128,4000000,8000000,1,3.621,10.322,7.171,20.764,79.100,120.978,6405514,13064608319638267664,12550798687495063072
A,5000000,loop,uniform,dynamic1,lpt,8,12,8,par,0,2,128,4000000,8000000,2,3.639,11.259,7.126,20.909,78.801,121.734,6405514,13064608319638267664,12550798687495063072
A,5000000,loop,uniform,dynamic1,lpt,8,12,8,par,0,2,128,4000000,8000000,3,3.614,10.306,7.157,20.760,78.788,120.625,6405514,13064608319638267664,12550798687495063072
A,5000000,loop,uniform,dynamic1,lpt,8,12,8,par,0,2,128,4000000,8000000,4,3.600,11.406,7.133,20.832,78.717,121.688,6405514,13064608319638267664,12550798687495063072
A,5000000,task,uniform,dynamic1,lpt,8,12,8,par,0,2,128,4000000,8000000,0,4.431,10.533,7.167,20.979,81.083,124.194,6405514,13064608319638267664,12550798687495063072
A,5000000,task,uniform,dynamic1,lpt,8,12,8,par,0,2,128,4000000,8000000,1,3.646,10.390,7.540,20.939,80.333,122.848,6405514,13064608319638267664,12550798687495063072
A,5000000,task,uniform,dynamic1,lpt,8,12,8,par,0,2,128,4000000,8000000,2,3.842,10.434,7.157,21.082,79.920,122.435,6405514,13064608319638267664,12550798687495063072
A,5000000,task,uniform,dynamic1,lpt,8,12,8,par,0,2,128,4000000,8000000,3,3.705,10.360,7.532,21.120,79.752,122.470,6405514,13064608319638267664,12550798687495063072
A,5000000,task,uniform,dynamic1,lpt,8,12,8,par,0,2,128,4000000,8000000,4,3.655,10.356,7.235,21.077,79.908,122.231,6405514,13064608319638267664,12550798687495063072
A,5000000,loop,uniform,dynamic1,lpt,8,12,8,par,0,4,128,8000000,16000000,0,3.845,11.448,7.493,28.015,71.209,122.010,25605925,4524307786527237882,3603704564944313719
A,5000000,loop,uniform,dynamic1,lpt,8,12,8,par,0,4,128,8000000,16000000,1,3.821,11.408,7.479,29.233,69.277,121.219,25605925,4524307786527237882,3603704564944313719
A,5000000,loop,uniform,dynamic1,lpt,8,12,8,par,0,4,128,8000000,16000000,2,3.808,11.409,7.493,27.917,69.305,119.933,25605925,4524307786527237882,3603704564944313719
A,5000000,loop,uniform,dynamic1,lpt,8,12,8,par,0,4,128,8000000,16000000,3,3.810,11.411,7.530,27.886,69.303,119.940,25605925,4524307786527237882,3603704564944313719
A,5000000,loop,uniform,dynamic1,lpt,8,12,8,par,0,4,128,8000000,16000000,4,3.839,11.448,7.490,27.859,69.272,119.909,25605925,4524307786527237882,3603704564944313719
A,5000000,task,uniform,dynamic1,lpt,8,12,8,par,0,4,128,8000000,16000000,0,5.585,13.158,14.190,28.983,69.922,131.839,25605925,4524307786527237882,3603704564944313719
A,5000000,task,uniform,dynamic1,lpt,8,12,8,par,0,4,128,8000000,16000000,1,4.010,12.582,10.596,27.995,67.677,122.861,25605925,4524307786527237882,3603704564944313719
A,5000000,task,uniform,dynamic1,lpt,8,12,8,par,0,4,128,8000000,16000000,2,4.118,12.145,9.416,29.938,67.608,123.224,25605925,4524307786527237882,3603704564944313719
A,5000000,task,uniform,dynamic1,lpt,8,12,8,par,0,4,128,8000000,16000000,3,3.909,11.534,8.131,27.842,67.582,118.998,25605925,4524307786527237882,3603704564944313719
A,5000000,task,uniform,dynamic1,lpt,8,12,8,par,0,4,128,8000000,16000000,4,4.057,13.274,13.352,27.988,67.816,126.487,25605925,4524307786527237882,3603704564944313719
A,5000000,loop,uniform,dynamic1,lpt,8,12,8,par,0,8,128,16000000,32000000,0,4.272,15.401,8.184,37.006,100.158,165.022,102408307,6725711032845435275,511879701233568974
A,5000000,loop,uniform,dynamic1,lpt,8,12,8,par,0,8,128,16000000,32000000,1,4.349,15.362,7.889,35.883,98.901,162.384,102408307,6725711032845435275,511879701233568974
A,5000000,loop,uniform,dynamic1,lpt,8,12,8,par,0,8,128,16000000,32000000,2,4.389,15.380,7.945,35.872,98.919,162.505,102408307,6725711032845435275,511879701233568974
A,5000000,loop,uniform,dynamic1,lpt,8,12,8,par,0,8,128,16000000,32000000,3,4.268,15.350,7.946,35.872,99.035,162.471,102408307,6725711032845435275,511879701233568974
A,5000000,loop,uniform,dynamic1,lpt,8,12,8,par,0,8,128,16000000,32000000,4,4.285,15.355,7.972,35.833,98.981,162.425,102408307,6725711032845435275,511879701233568974
A,5000000,task,uniform,dynamic1,lpt,8,12,8,par,0,8,128,16000000,32000000,0,8.373,24.806,15.963,48.631,99.656,197.429,102408307,6725711032845435275,511879701233568974
A,5000000,task,uniform,dynamic1,lpt,8,12,8,par,0,8,128,16000000,32000000,1,6.130,18.570,16.820,37.674,98.347,177.541,102408307,6725711032845435275,511879701233568974
A,5000000,task,uniform,dynamic1,lpt,8,12,8,par,0,8,128,16000000,32000000,2,4.322,18.797,12.952,37.583,98.433,172.087,102408307,6725711032845435275,511879701233568974
A,5000000,task,uniform,dynamic1,lpt,8,12,8,par,0,8,128,16000000,32000000,3,7.029,18.137,17.561,37.029,98.328,178.084,102408307,6725711032845435275,511879701233568974
A,5000000,task,uniform,dynamic1,lpt,8,12,8,par,0,8,128,16000000,32000000,4,5.946,18.531,13.409,36.752,98.312,172.950,102408307,6725711032845435275,511879701233568974
A,5000000,loop,uniform,dynamic1,lpt,8,12,8,par,0,16,128,32000000,64000000,0,9.072,20.159,17.495,41.414,118.508,206.647,409624985,16357352989771549985,4383246495002694327
A,5000000,loop,uniform,dynamic1,lpt,8,12,8,par,0,16,128,32000000,64000000,1,6.607,20.210,12.585,41.743,113.953,195.098,409624985,16357352989771549985,4383246495002694327
A,5000000,loop,uniform,dynamic1,lpt,8,12,8,par,0,16,128,32000000,64000000,2,6.555,20.219,12.580,41.777,113.710,194.839,409624985,16357352989771549985,4383246495002694327
A,5000000,loop,uniform,dynamic1,lpt,8,12,8,par,0,16,128,32000000,64000000,3,6.633,20.210,12.598,41.694,114.132,195.268,409624985,16357352989771549985,4383246495002694327
A,5000000,loop,uniform,dynamic1,lpt,8,12,8,par,0,16,128,32000000,64000000,4,6.592,20.355,12.558,41.633,114.503,195.642,409624985,16357352989771549985,4383246495002694327
A,5000000,task,uniform,dynamic1,lpt,8,12,8,par,0,16,128,32000000,64000000,0,18.309,52.511,29.294,78.422,117.157,295.692,409624985,16357352989771549985,4383246495002694327
A,5000000,task,uniform,dynamic1,lpt,8,12,8,par,0,16,128,32000000,64000000,1,16.816,46.637,22.493,82.727,111.333,280.007,409624985,16357352989771549985,4383246495002694327
A,5000000,task,uniform,dynamic1,lpt,8,12,8,par,0,16,128,32000000,64000000,2,10.397,33.977,33.388,65.299,110.660,253.721,409624985,16357352989771549985,4383246495002694327
A,5000000,task,uniform,dynamic1,lpt,8,12,8,par,0,16,128,32000000,64000000,3,11.702,39.175,24.269,65.826,112.497,253.469,409624985,16357352989771549985,4383246495002694327
A,5000000,task,uniform,dynamic1,lpt,8,12,8,par,0,16,128,32000000,64000000,4,11.388,40.777,28.873,66.682,110.875,258.594,409624985,16357352989771549985,4383246495002694327
A,5000000,loop,uniform,dynamic1,lpt,8,12,8,par,0,32,128,64000000,128000000,0,18.162,59.317,44.980,119.097,262.739,504.294,1638398050,6713292747916940125,17547877231816190352
A,5000000,loop,uniform,dynamic1,lpt,8,12,8,par,0,32,128,64000000,128000000,1,12.959,59.321,16.207,118.935,253.134,460.555,1638398050,6713292747916940125,17547877231816190352
A,5000000,loop,uniform,dynamic1,lpt,8,12,8,par,0,32,128,64000000,128000000,2,12.968,59.322,32.677,119.024,253.520,477.512,1638398050,6713292747916940125,17547877231816190352
A,5000000,loop,uniform,dynamic1,lpt,8,12,8,par,0,32,128,64000000,128000000,3,12.964,59.301,14.836,118.914,253.661,459.676,1638398050,6713292747916940125,17547877231816190352
A,5000000,loop,uniform,dynamic1,lpt,8,12,8,par,0,32,128,64000000,128000000,4,19.823,59.384,14.829,118.980,253.486,466.502,1638398050,6713292747916940125,17547877231816190352
A,5000000,task,uniform,dynamic1,lpt,8,12,8,par,0,32,128,64000000,128000000,0,27.864,60.368,49.344,119.295,265.854,522.725,1638398050,6713292747916940125,17547877231816190352
A,5000000,task,uniform,dynamic1,lpt,8,12,8,par,0,32,128,64000000,128000000,1,23.763,60.022,41.311,120.416,251.500,497.013,1638398050,6713292747916940125,17547877231816190352
A,5000000,task,uniform,dynamic1,lpt,8,12,8,par,0,32,128,64000000,128000000,2,26.014,60.741,44.813,120.865,249.947,502.381,1638398050,6713292747916940125,17547877231816190352
A,5000000,task,uniform,dynamic1,lpt,8,12,8,par,0,32,128,64000000,128000000,3,24.098,60.049,39.717,119.340,251.073,494.279,1638398050,6713292747916940125,17547877231816190352
A,5000000,task,uniform,dynamic1,lpt,8,12,8,par,0,32,128,64000000,128000000,4,21.878,59.813,32.507,120.843,250.846,485.887,1638398050,6713292747916940125,17547877231816190352
B,5000000,loop,uniform,dynamic1,lpt,8,12,8,par,0,1,128,2000000,4000000,0,3.490,9.628,6.823,19.375,90.380,129.697,1601783,1639011001025628553,9978953684420965244
B,5000000,loop,uniform,dynamic1,lpt,8,12,8,par,0,1,128,2000000,4000000,1,3.459,9.654,6.827,19.377,90.173,129.489,1601783,1639011001025628553,9978953684420965244
B,5000000,loop,uniform,dynamic1,lpt,8,12,8,par,0,1,128,2000000,4000000,2,3.443,9.641,6.872,19.354,89.829,129.138,1601783,1639011001025628553,9978953684420965244
B,5000000,loop,uniform,dynamic1,lpt,8,12,8,par,0,1,128,2000000,4000000,3,3.437,9.695,6.823,19.345,89.746,129.046,1601783,1639011001025628553,9978953684420965244
B,5000000,loop,uniform,dynamic1,lpt,8,12,8,par,0,1,128,2000000,4000000,4,3.438,9.693,6.833,19.464,89.536,128.964,1601783,1639011001025628553,9978953684420965244
B,5000000,task,uniform,dynamic1,lpt,8,12,8,par,0,1,128,2000000,4000000,0,3.456,9.647,6.820,19.576,91.657,131.155,1601783,1639011001025628553,9978953684420965244
B,5000000,task,uniform,dynamic1,lpt,8,12,8,par,0,1,128,2000000,4000000,1,3.448,9.683,6.835,19.349,90.703,130.018,1601783,1639011001025628553,9978953684420965244
B,5000000,task,uniform,dynamic1,lpt,8,12,8,par,0,1,128,2000000,4000000,2,3.484,9.687,6.828,19.354,90.471,129.824,1601783,1639011001025628553,9978953684420965244
B,5000000,task,uniform,dynamic1,lpt,8,12,8,par,0,1,128,2000000,4000000,3,3.503,9.662,6.858,19.434,91.120,130.577,1601783,1639011001025628553,9978953684420965244
B,5000000,task,uniform,dynamic1,lpt,8,12,8,par,0,1,128,2000000,4000000,4,3.464,9.688,6.816,19.359,90.629,129.956,1601783,1639011001025628553,9978953684420965244
B,10000000,loop,uniform,dynamic1,lpt,8,12,8,par,0,2,128,4000000,8000000,0,3.668,10.489,7.241,21.147,90.339,132.885,3202676,4233772544542922932,4760516635881068273
B,10000000,loop,uniform,dynamic1,lpt,8,12,8,par,0,2,128,4000000,8000000,1,3.677,10.517,7.214,21.210,89.573,132.191,3202676,4233772544542922932,4760516635881068273
B,10000000,loop,uniform,dynamic1,lpt,8,12,8,par,0,2,128,4000000,8000000,2,3.757,10.462,7.206,20.949,88.800,131.173,3202676,4233772544542922932,4760516635881068273
B,10000000,loop,uniform,dynamic1,lpt,8,12,8,par,0,2,128,4000000,8000000,3,3.636,10.390,7.172,21.047,88.677,130.922,3202676,4233772544542922932,4760516635881068273
B,10000000,loop,uniform,dynamic1,lpt,8,12,8,par,0,2,128,4000000,8000000,4,3.644,10.387,7.216,20.957,88.620,130.825,3202676,4233772544542922932,4760516635881068273
B,10000000,task,uniform,dynamic1,lpt,8,12,8,par,0,2,128,4000000,8000000,0,4.952,10.565,7.144,20.853,89.332,132.847,3202676,4233772544542922932,4760516635881068273
B,10000000,task,uniform,dynamic1,lpt,8,12,8,par,0,2,128,4000000,8000000,1,3.650,10.298,7.400,20.818,88.537,130.703,3202676,4233772544542922932,4760516635881068273
B,10000000,task,uniform,dynamic1,lpt,8,12,8,par,0,2,128,4000000,8000000,2,3.599,10.396,7.113,20.788,88.225,130.121,3202676,4233772544542922932,4760516635881068273
B,10000000,task,uniform,dynamic1,lpt,8,12,8,par,0,2,128,4000000,8000000,3,3.743,10.325,7.212,20.811,88.091,130.181,3202676,4233772544542922932,4760516635881068273
B,10000000,task,uniform,dynamic1,lpt,8,12,8,par,0,2,128,4000000,8000000,4,3.615,10.293,7.462,20.823,88.556,130.749,3202676,4233772544542922932,4760516635881068273
B,20000000,loop,uniform,dynamic1,lpt,8,12,8,par,0,4,128,8000000,16000000,0,3.826,11.486,7.505,27.946,90.951,141.714,6397093,17089138651723566179,18335925328386676859
B,20000000,loop,uniform,dynamic1,lpt,8,12,8,par,0,4,128,8000000,16000000,1,3.835,11.537,7.516,27.932,89.143,139.963,6397093,17089138651723566179,18335925328386676859
B,20000000,loop,uniform,dynamic1,lpt,8,12,8,par,0,4,128,8000000,16000000,2,3.901,11.484,7.585,27.956,89.176,140.101,6397093,17089138651723566179,18335925328386676859
B,20000000,loop,uniform,dynamic1,lpt,8,12,8,par,0,4,128,8000000,16000000,3,3.825,11.523,7.518,27.954,89.173,139.994,6397093,17089138651723566179,18335925328386676859
B,20000000,loop,uniform,dynamic1,lpt,8,12,8,par,0,4,128,8000000,16000000,4,3.795,11.466,7.514,27.915,89.092,139.782,6397093,17089138651723566179,18335925328386676859
B,20000000,task,uniform,dynamic1,lpt,8,12,8,par,0,4,128,8000000,16000000,0,5.445,12.801,14.882,28.097,91.746,152.972,6397093,17089138651723566179,18335925328386676859
B,20000000,task,uniform,dynamic1,lpt,8,12,8,par,0,4,128,8000000,16000000,1,4.054,11.479,7.516,27.464,89.875,140.390,6397093,17089138651723566179,18335925328386676859
B,20000000,task,uniform,dynamic1,lpt,8,12,8,par,0,4,128,8000000,16000000,2,6.202,12.365,12.044,27.926,89.870,148.408,6397093,17089138651723566179,18335925328386676859
B,20000000,task,uniform,dynamic1,lpt,8,12,8,par,0,4,128,8000000,16000000,3,3.804,11.537,7.480,29.763,89.915,142.498,6397093,17089138651723566179,18335925328386676859
B,20000000,task,uniform,dynamic1,lpt,8,12,8,par,0,4,128,8000000,16000000,4,5.938,12.319,9.553,30.238,89.932,147.980,6397093,17089138651723566179,18335925328386676859
B,40000000,loop,uniform,dynamic1,lpt,8,12,8,par,0,8,128,16000000,32000000,0,4.301,15.001,9.908,35.708,149.440,214.358,12793554,7203771158368867836,14692381564141829462
B,40000000,loop,uniform,dynamic1,lpt,8,12,8,par,0,8,128,16000000,32000000,1,4.300,15.044,7.911,35.795,147.289,210.338,12793554,7203771158368867836,14692381564141829462
B,40000000,loop,uniform,dynamic1,lpt,8,12,8,par,0,8,128,16000000,32000000,2,4.271,15.031,7.932,35.782,147.096,210.114,12793554,7203771158368867836,14692381564141829462
B,40000000,loop,uniform,dynamic1,lpt,8,12,8,par,0,8,128,16000000,32000000,3,4.271,15.039,7.875,35.817,147.670,210.672,12793554,7203771158368867836,14692381564141829462
B,40000000,loop,uniform,dynamic1,lpt,8,12,8,par,0,8,128,16000000,32000000,4,4.307,15.036,7.984,35.811,148.086,211.224,12793554,7203771158368867836,14692381564141829462
B,40000000,task,uniform,dynamic1,lpt,8,12,8,par,0,8,128,16000000,32000000,0,8.457,24.865,16.434,49.082,149.067,247.905,12793554,7203771158368867836,14692381564141829462
B,40000000,task,uniform,dynamic1,lpt,8,12,8,par,0,8,128,16000000,32000000,1,6.029,18.433,16.814,37.998,148.505,227.779,12793554,7203771158368867836,14692381564141829462
B,40000000,task,uniform,dynamic1,lpt,8,12,8,par,0,8,128,16000000,32000000,2,4.295,18.637,13.224,37.255,148.219,221.631,12793554,7203771158368867836,14692381564141829462
B,40000000,task,uniform,dynamic1,lpt,8,12,8,par,0,8,128,16000000,32000000,3,8.313,16.527,17.409,43.406,148.232,233.887,12793554,7203771158368867836,14692381564141829462
B,40000000,task,uniform,dynamic1,lpt,8,12,8,par,0,8,128,16000000,32000000,4,6.793,19.043,22.731,40.723,148.763,238.054,12793554,7203771158368867836,14692381564141829462
B,80000000,loop,uniform,dynamic1,lpt,8,12,8,par,0,16,128,32000000,64000000,0,9.117,20.208,17.492,41.710,180.213,268.740,25596467,17580485113460163840,12730777852769856420
B,80000000,loop,uniform,dynamic1,lpt,8,12,8,par,0,16,128,32000000,64000000,1,6.636,20.383,12.527,41.716,175.700,256.962,25596467,17580485113460163840,12730777852769856420
B,80000000,loop,uniform,dynamic1,lpt,8,12,8,par,0,16,128,32000000,64000000,2,6.665,20.297,12.604,41.297,175.138,256.002,25596467,17580485113460163840,12730777852769856420
B,80000000,loop,uniform,dynamic1,lpt,8,12,8,par,0,16,128,32000000,64000000,3,6.620,20.232,12.555,41.562,176.988,257.957,25596467,17580485113460163840,12730777852769856420
B,80000000,loop,uniform,dynamic1,lpt,8,12,8,par,0,16,128,32000000,64000000,4,6.614,20.285,12.539,41.690,175.283,256.412,25596467,17580485113460163840,12730777852769856420
B,80000000,task,uniform,dynamic1,lpt,8,12,8,par,0,16,128,32000000,64000000,0,17.047,43.510,35.491,76.561,176.898,349.508,25596467,17580485113460163840,12730777852769856420
B,80000000,task,uniform,dynamic1,lpt,8,12,8,par,0,16,128,32000000,64000000,1,21.817,37.341,42.917,91.366,174.508,367.949,25596467,17580485113460163840,12730777852769856420
B,80000000,task,uniform,dynamic1,lpt,8,12,8,par,0,16,128,32000000,64000000,2,16.509,45.261,47.711,74.857,176.030,360.369,25596467,17580485113460163840,12730777852769856420
B,80000000,task,uniform,dynamic1,lpt,8,12,8,par,0,16,128,32000000,64000000,3,14.962,37.035,34.654,75.415,175.269,337.335,25596467,17580485113460163840,12730777852769856420
B,80000000,task,uniform,dynamic1,lpt,8,12,8,par,0,16,128,32000000,64000000,4,14.057,40.112,39.924,75.657,175.121,344.872,25596467,17580485113460163840,12730777852769856420
B,160000000,loop,uniform,dynamic1,lpt,8,12,8,par,0,32,128,64000000,128000000,0,18.205,59.323,45.259,119.052,350.385,592.225,51187123,12623191366037940350,10254080496893484181
B,160000000,loop,uniform,dynamic1,lpt,8,12,8,par,0,32,128,64000000,128000000,1,12.989,59.300,16.236,118.923,343.046,550.495,51187123,12623191366037940350,10254080496893484181
B,160000000,loop,uniform,dynamic1,lpt,8,12,8,par,0,32,128,64000000,128000000,2,13.017,59.241,33.087,119.071,343.538,567.955,51187123,12623191366037940350,10254080496893484181
B,160000000,loop,uniform,dynamic1,lpt,8,12,8,par,0,32,128,64000000,128000000,3,13.037,59.333,14.809,118.980,343.194,549.353,51187123,12623191366037940350,10254080496893484181
B,160000000,loop,uniform,dynamic1,lpt,8,12,8,par,0,32,128,64000000,128000000,4,21.042,59.339,14.802,118.995,344.002,558.181,51187123,12623191366037940350,10254080496893484181
B,160000000,task,uniform,dynamic1,lpt,8,12,8,par,0,32,128,64000000,128000000,0,28.894,59.880,51.026,120.117,353.565,613.484,51187123,12623191366037940350,10254080496893484181
B,160000000,task,uniform,dynamic1,lpt,8,12,8,par,0,32,128,64000000,128000000,1,22.321,61.033,37.021,121.432,338.909,580.717,51187123,12623191366037940350,10254080496893484181
B,160000000,task,uniform,dynamic1,lpt,8,12,8,par,0,32,128,64000000,128000000,2,21.579,60.257,42.833,120.977,339.356,585.004,51187123,12623191366037940350,10254080496893484181
B,160000000,task,uniform,dynamic1,lpt,8,12,8,par,0,32,128,64000000,128000000,3,22.606,59.650,41.506,120.577,339.176,583.516,51187123,12623191366037940350,10254080496893484181
B,160000000,task,uniform,dynamic1,lpt,8,12,8,par,0,32,128,64000000,128000000,4,23.422,60.207,37.390,119.646,339.233,579.898,51187123,12623191366037940350,10254080496893484181
C,5000000,loop,uniform,dynamic1,lpt,8,12,8,par,0,1,128,2000000,4000000,0,3.451,9.675,6.862,19.361,90.326,129.674,1601783,1639011001025628553,9978953684420965244
C,5000000,loop,uniform,dynamic1,lpt,8,12,8,par,0,1,128,2000000,4000000,1,3.520,9.730,6.820,19.481,90.022,129.574,1601783,1639011001025628553,9978953684420965244
C,5000000,loop,uniform,dynamic1,lpt,8,12,8,par,0,1,128,2000000,4000000,2,3.510,9.640,6.831,19.338,89.928,129.248,1601783,1639011001025628553,9978953684420965244
C,5000000,loop,uniform,dynamic1,lpt,8,12,8,par,0,1,128,2000000,4000000,3,3.451,9.653,6.819,19.355,89.307,128.585,1601783,1639011001025628553,9978953684420965244
C,5000000,loop,uniform,dynamic1,lpt,8,12,8,par,0,1,128,2000000,4000000,4,3.453,9.758,6.844,19.392,89.251,128.698,1601783,1639011001025628553,9978953684420965244
C,5000000,task,uniform,dynamic1,lpt,8,12,8,par,0,1,128,2000000,4000000,0,3.517,9.620,6.838,19.420,91.103,130.497,1601783,1639011001025628553,9978953684420965244
C,5000000,task,uniform,dynamic1,lpt,8,12,8,par,0,1,128,2000000,4000000,1,3.465,9.776,6.807,19.373,90.820,130.242,1601783,1639011001025628553,9978953684420965244
C,5000000,task,uniform,dynamic1,lpt,8,12,8,par,0,1,128,2000000,4000000,2,3.450,9.707,6.840,19.498,90.535,130.030,1601783,1639011001025628553,9978953684420965244
C,5000000,task,uniform,dynamic1,lpt,8,12,8,par,0,1,128,2000000,4000000,3,3.477,9.647,6.830,19.613,90.706,130.274,1601783,1639011001025628553,9978953684420965244
C,5000000,task,uniform,dynamic1,lpt,8,12,8,par,0,1,128,2000000,4000000,4,3.445,9.653,6.839,19.421,90.766,130.124,1601783,1639011001025628553,9978953684420965244
C,10000000,loop,uniform,dynamic1,lpt,8,12,8,par,0,2,256,4000000,8000000,0,3.690,10.504,7.271,21.175,91.005,133.644,3202676,4233772544542922932,4760516635881068273
C,10000000,loop,uniform,dynamic1,lpt,8,12,8,par,0,2,256,4000000,8000000,1,3.727,10.450,7.326,21.095,90.515,133.114,3202676,4233772544542922932,4760516635881068273
C,10000000,loop,uniform,dynamic1,lpt,8,12,8,par,0,2,256,4000000,8000000,2,3.742,10.518,7.322,21.115,89.957,132.655,3202676,4233772544542922932,4760516635881068273
C,10000000,loop,uniform,dynamic1,lpt,8,12,8,par,0,2,256,4000000,8000000,3,3.681,10.396,7.285,21.024,89.509,131.895,3202676,4233772544542922932,4760516635881068273
C,10000000,loop,uniform,dynamic1,lpt,8,12,8,par,0,2,256,4000000,8000000,4,3.700,10.358,7.215,20.914,89.215,131.402,3202676,4233772544542922932,4760516635881068273
C,10000000,task,uniform,dynamic1,lpt,8,12,8,par,0,2,256,4000000,8000000,0,3.682,10.585,7.179,20.661,89.240,131.347,3202676,4233772544542922932,4760516635881068273
C,10000000,task,uniform,dynamic1,lpt,8,12,8,par,0,2,256,4000000,8000000,1,4.666,10.194,8.918,20.716,88.623,133.117,3202676,4233772544542922932,4760516635881068273
C,10000000,task,uniform,dynamic1,lpt,8,12,8,par,0,2,256,4000000,8000000,2,5.165,10.217,10.872,20.658,88.556,135.468,3202676,4233772544542922932,4760516635881068273
C,10000000,task,uniform,dynamic1,lpt,8,12,8,par,0,2,256,4000000,8000000,3,4.902,10.214,10.404,20.691,88.566,134.777,3202676,4233772544542922932,4760516635881068273
C,10000000,task,uniform,dynamic1,lpt,8,12,8,par,0,2,256,4000000,8000000,4,4.873,10.223,10.183,20.687,88.899,134.866,3202676,4233772544542922932,4760516635881068273
C,20000000,loop,uniform,dynamic1,lpt,8,12,8,par,0,4,512,8000000,16000000,0,3.819,12.365,7.504,27.817,81.150,132.655,6397093,17089138651723566179,18335925328386676859
C,20000000,loop,uniform,dynamic1,lpt,8,12,8,par,0,4,512,8000000,16000000,1,3.818,12.407,7.516,27.792,80.393,131.926,6397093,17089138651723566179,18335925328386676859
C,20000000,loop,uniform,dynamic1,lpt,8,12,8,par,0,4,512,8000000,16000000,2,3.807,12.286,7.486,27.772,80.285,131.637,6397093,17089138651723566179,18335925328386676859
C,20000000,loop,uniform,dynamic1,lpt,8,12,8,par,0,4,512,8000000,16000000,3,3.798,12.287,7.496,27.935,80.431,131.947,6397093,17089138651723566179,18335925328386676859
C,20000000,loop,uniform,dynamic1,lpt,8,12,8,par,0,4,512,8000000,16000000,4,3.841,12.316,7.516,27.646,80.282,131.601,6397093,17089138651723566179,18335925328386676859
C,20000000,task,uniform,dynamic1,lpt,8,12,8,par,0,4,512,8000000,16000000,0,4.490,12.451,7.571,28.015,81.294,133.821,6397093,17089138651723566179,18335925328386676859
C,20000000,task,uniform,dynamic1,lpt,8,12,8,par,0,4,512,8000000,16000000,1,4.696,12.457,8.923,27.982,80.677,134.735,6397093,17089138651723566179,18335925328386676859
C,20000000,task,uniform,dynamic1,lpt,8,12,8,par,0,4,512,8000000,16000000,2,4.442,12.364,9.055,28.006,80.641,134.509,6397093,17089138651723566179,18335925328386676859
C,20000000,task,uniform,dynamic1,lpt,8,12,8,par,0,4,512,8000000,16000000,3,4.526,12.439,8.918,28.109,80.607,134.598,6397093,17089138651723566179,18335925328386676859
C,20000000,task,uniform,dynamic1,lpt,8,12,8,par,0,4,512,8000000,16000000,4,4.531,12.598,8.885,28.076,80.637,134.728,6397093,17089138651723566179,18335925328386676859
C,40000000,loop,uniform,dynamic1,lpt,8,12,8,par,0,8,1024,16000000,32000000,0,4.241,16.009,7.951,36.423,110.743,175.368,12793554,7203771158368867836,14692381564141829462
C,40000000,loop,uniform,dynamic1,lpt,8,12,8,par,0,8,1024,16000000,32000000,1,4.287,16.013,7.930,36.390,109.768,174.387,12793554,7203771158368867836,14692381564141829462
C,40000000,loop,uniform,dynamic1,lpt,8,12,8,par,0,8,1024,16000000,32000000,2,4.271,15.927,7.957,36.477,109.775,174.407,12793554,7203771158368867836,14692381564141829462
C,40000000,loop,uniform,dynamic1,lpt,8,12,8,par,0,8,1024,16000000,32000000,3,4.270,15.897,7.960,36.455,109.738,174.319,12793554,7203771158368867836,14692381564141829462
C,40000000,loop,uniform,dynamic1,lpt,8,12,8,par,0,8,1024,16000000,32000000,4,4.304,15.899,7.955,36.433,109.858,174.450,12793554,7203771158368867836,14692381564141829462
C,40000000,task,uniform,dynamic1,lpt,8,12,8,par,0,8,1024,16000000,32000000,0,4.559,16.070,8.513,36.579,111.547,177.268,12793554,7203771158368867836,14692381564141829462
C,40000000,task,uniform,dynamic1,lpt,8,12,8,par,0,8,1024,16000000,32000000,1,4.454,16.212,8.569,36.444,110.671,176.351,12793554,7203771158368867836,14692381564141829462
C,40000000,task,uniform,dynamic1,lpt,8,12,8,par,0,8,1024,16000000,32000000,2,4.741,16.127,9.127,36.372,110.832,177.200,12793554,7203771158368867836,14692381564141829462
C,40000000,task,uniform,dynamic1,lpt,8,12,8,par,0,8,1024,16000000,32000000,3,4.568,16.012,9.496,36.489,110.655,177.221,12793554,7203771158368867836,14692381564141829462
C,40000000,task,uniform,dynamic1,lpt,8,12,8,par,0,8,1024,16000000,32000000,4,4.486,16.047,8.483,36.515,110.619,176.150,12793554,7203771158368867836,14692381564141829462
C,80000000,loop,uniform,dynamic1,lpt,8,12,8,par,0,16,2048,32000000,64000000,0,9.085,22.243,17.636,46.172,115.233,210.368,25596467,17580485113460163840,12730777852769856420
C,80000000,loop,uniform,dynamic1,lpt,8,12,8,par,0,16,2048,32000000,64000000,1,6.656,22.379,12.548,46.357,113.427,201.366,25596467,17580485113460163840,12730777852769856420
C,80000000,loop,uniform,dynamic1,lpt,8,12,8,par,0,16,2048,32000000,64000000,2,6.586,22.434,12.685,46.266,113.331,201.301,25596467,17580485113460163840,12730777852769856420
C,80000000,loop,uniform,dynamic1,lpt,8,12,8,par,0,16,2048,32000000,64000000,3,6.621,22.495,12.551,46.390,113.427,201.484,25596467,17580485113460163840,12730777852769856420
C,80000000,loop,uniform,dynamic1,lpt,8,12,8,par,0,16,2048,32000000,64000000,4,6.624,22.389,12.536,46.229,118.975,206.754,25596467,17580485113460163840,12730777852769856420
C,80000000,task,uniform,dynamic1,lpt,8,12,8,par,0,16,2048,32000000,64000000,0,9.899,22.863,18.986,46.967,115.469,214.184,25596467,17580485113460163840,12730777852769856420
C,80000000,task,uniform,dynamic1,lpt,8,12,8,par,0,16,2048,32000000,64000000,1,7.732,22.472,14.877,46.757,113.717,205.556,25596467,17580485113460163840,12730777852769856420
C,80000000,task,uniform,dynamic1,lpt,8,12,8,par,0,16,2048,32000000,64000000,2,7.598,22.905,14.761,46.745,113.568,205.577,25596467,17580485113460163840,12730777852769856420
C,80000000,task,uniform,dynamic1,lpt,8,12,8,par,0,16,2048,32000000,64000000,3,8.014,22.365,14.646,46.543,113.671,205.239,25596467,17580485113460163840,12730777852769856420
C,80000000,task,uniform,dynamic1,lpt,8,12,8,par,0,16,2048,32000000,64000000,4,7.589,22.638,14.372,49.273,113.945,207.817,25596467,17580485113460163840,12730777852769856420
C,160000000,loop,uniform,dynamic1,lpt,8,12,8,par,0,32,4096,64000000,128000000,0,18.190,65.602,46.530,138.141,136.971,405.435,51187123,12623191366037940350,10254080496893484181
C,160000000,loop,uniform,dynamic1,lpt,8,12,8,par,0,32,4096,64000000,128000000,1,12.986,65.581,17.542,137.905,133.687,367.702,51187123,12623191366037940350,10254080496893484181
C,160000000,loop,uniform,dynamic1,lpt,8,12,8,par,0,32,4096,64000000,128000000,2,12.917,65.579,34.156,138.098,133.889,384.640,51187123,12623191366037940350,10254080496893484181
C,160000000,loop,uniform,dynamic1,lpt,8,12,8,par,0,32,4096,64000000,128000000,3,12.954,65.587,16.516,138.043,133.805,366.906,51187123,12623191366037940350,10254080496893484181
C,160000000,loop,uniform,dynamic1,lpt,8,12,8,par,0,32,4096,64000000,128000000,4,12.917,65.631,16.492,138.032,133.981,367.053,51187123,12623191366037940350,10254080496893484181
C,160000000,task,uniform,dynamic1,lpt,8,12,8,par,0,32,4096,64000000,128000000,0,21.780,66.005,48.840,138.071,136.381,411.078,51187123,12623191366037940350,10254080496893484181
C,160000000,task,uniform,dynamic1,lpt,8,12,8,par,0,32,4096,64000000,128000000,1,16.507,66.010,26.853,138.195,133.621,381.188,51187123,12623191366037940350,10254080496893484181
C,160000000,task,uniform,dynamic1,lpt,8,12,8,par,0,32,4096,64000000,128000000,2,17.584,67.024,36.421,138.099,133.708,392.836,51187123,12623191366037940350,10254080496893484181
C,160000000,task,uniform,dynamic1,lpt,8,12,8,par,0,32,4096,64000000,128000000,3,17.972,65.996,26.842,138.071,133.556,382.438,51187123,12623191366037940350,10254080496893484181
C,160000000,task,uniform,dynamic1,lpt,8,12,8,par,0,32,4096,64000000,128000000,4,16.964,65.951,26.126,138.084,133.576,380.701,51187123,12623191366037940350,10254080496893484181
